{"Master":35.20000076293945,"SFX":18.899999618530275,"UI":54.900001525878909,"BGM":72.4000015258789}